,score,language,counter,total,normalized
0,-0.99,en,4,159530,2.5073653858208488e-05
1,-0.98,en,31,159530,0.00019432081740111578
2,-0.97,en,61,159530,0.00038237322133767945
3,-0.96,en,67,159530,0.0004199837021249922
4,-0.95,en,90,159530,0.000564157211809691
5,-0.94,en,146,159530,0.0009151883658246098
6,-0.93,en,173,159530,0.0010844355293675172
7,-0.92,en,187,159530,0.0011721933178712469
8,-0.91,en,234,159530,0.0014668087507051966
9,-0.9,en,362,159530,0.0022691656741678683
10,-0.89,en,347,159530,0.0021751394721995863
11,-0.88,en,359,159530,0.0022503604337742117
12,-0.87,en,311,159530,0.00194947658747571
13,-0.86,en,348,159530,0.0021814078856641386
14,-0.85,en,352,159530,0.002206481539522347
15,-0.84,en,589,159530,0.0036920955306211996
16,-0.83,en,489,159530,0.0030652541841659875
17,-0.82,en,891,159530,0.00558515639691594
18,-0.81,en,1027,159530,0.0064376606280950295
19,-0.8,en,537,159530,0.0033661380304644893
20,-0.79,en,483,159530,0.0030276437033786747
21,-0.78,en,851,159530,0.005334419858333855
22,-0.77,en,648,159530,0.004061931925029775
23,-0.76,en,799,159530,0.005008462358177145
24,-0.75,en,366,159530,0.002294239328026077
25,-0.74,en,709,159530,0.004444305146367455
26,-0.73,en,572,159530,0.0035855325017238138
27,-0.72,en,376,159530,0.002356923462671598
28,-0.71,en,504,159530,0.0031592803861342695
29,-0.7,en,432,159530,0.002707954616686517
30,-0.69,en,442,159530,0.002770638751332038
31,-0.68,en,734,159530,0.004601015482981257
32,-0.67,en,470,159530,0.0029461543283394974
33,-0.66,en,493,159530,0.003090327838024196
34,-0.65,en,1601,159530,0.010035729956747947
35,-0.64,en,512,159530,0.0032094276938506865
36,-0.63,en,109,159530,0.0006832570676361813
37,-0.62,en,488,159530,0.0030589857707014356
38,-0.61,en,480,159530,0.0030088384629850186
39,-0.6,en,7235,159530,0.0453519714160346
40,-0.59,en,478,159530,0.0029963016360559144
41,-0.58,en,149,159530,0.0009339936062182662
42,-0.57,en,972,159530,0.006092897887544663
43,-0.56,en,7876,159530,0.04937002444681251
44,-0.55,en,97,159530,0.0006080361060615559
45,-0.54,en,436,159530,0.0027330282705447253
46,-0.53,en,1679,159530,0.010524666206983013
47,-0.52,en,93,159530,0.0005829624522033474
48,-0.51,en,442,159530,0.002770638751332038
49,-0.5,en,83,159530,0.0005202783175578262
50,-0.49,en,553,159530,0.0034664326458973232
51,-0.48,en,1120,159530,0.007020623080298377
52,-0.47,en,169,159530,0.0010593618755093087
53,-0.46,en,636,159530,0.003986710963455149
54,-0.45,en,101,159530,0.0006331097599197643
55,-0.44,en,1061,159530,0.006650786685889801
56,-0.43,en,75,159530,0.00047013100984140914
57,-0.42,en,1392,159530,0.008725631542656554
58,-0.41,en,71,159530,0.00044505735598320066
59,-0.4,en,703,159530,0.004406694665580141
60,-0.39,en,93,159530,0.0005829624522033474
61,-0.38,en,581,159530,0.0036419482229047826
62,-0.37,en,55,159530,0.0003447627405503667
63,-0.36,en,1045,159530,0.006550492070456967
64,-0.35,en,99,159530,0.0006205729329906601
65,-0.34,en,670,159530,0.004199837021249922
66,-0.33,en,101,159530,0.0006331097599197643
67,-0.32,en,711,159530,0.004456841973296558
68,-0.31,en,87,159530,0.0005453519714160347
69,-0.3,en,1193,159530,0.007478217263210681
70,-0.29,en,185,159530,0.0011596564909421426
71,-0.28,en,89,159530,0.0005578887983451389
72,-0.27,en,774,159530,0.004851752021563342
73,-0.26,en,89,159530,0.0005578887983451389
74,-0.25,en,556,159530,0.00348523788629098
75,-0.24,en,90,159530,0.000564157211809691
76,-0.23,en,585,159530,0.003667021876762991
77,-0.22,en,209,159530,0.0013100984140913935
78,-0.21,en,66,159530,0.00041371528866044005
79,-0.2,en,761,159530,0.004770262646524165
80,-0.19,en,51,159530,0.00031968908669215823
81,-0.18,en,778,159530,0.004876825675421551
82,-0.17,en,86,159530,0.0005390835579514825
83,-0.16,en,40,159530,0.00025073653858208485
84,-0.15,en,901,159530,0.005647840531561462
85,-0.14,en,66,159530,0.00041371528866044005
86,-0.13,en,535,159530,0.003353601203535385
87,-0.12,en,64,159530,0.0004011784617313358
88,-0.11,en,25,159530,0.00015671033661380306
89,-0.1,en,1161,159530,0.007277628032345013
90,-0.09,en,114,159530,0.0007145991349589419
91,-0.08,en,566,159530,0.003547922020936501
92,-0.07,en,33,159530,0.00020685764433022003
93,-0.06,en,52,159530,0.00032595750015671036
94,-0.05,en,955,159530,0.005986334858647276
95,-0.04,en,68,159530,0.0004262521155895443
96,-0.03,en,766,159530,0.004801604713846925
97,-0.02,en,88,159530,0.0005516203848805868
98,-0.01,en,29,159530,0.00018178399047201154
99,0.0,en,34621,159530,0.217018742556259
100,0.01,en,43,159530,0.00026954177897574127
101,0.02,en,30,159530,0.00018805240393656366
102,0.03,en,725,159530,0.0045445997618002885
103,0.04,en,54,159530,0.0003384943270858146
104,0.05,en,528,159530,0.0033097223092835204
105,0.06,en,45,159530,0.0002820786059048455
106,0.07,en,41,159530,0.000257004952046637
107,0.08,en,756,159530,0.0047389205792014045
108,0.09,en,48,159530,0.00030088384629850187
109,0.1,en,640,159530,0.0040117846173133576
110,0.11,en,43,159530,0.00026954177897574127
111,0.12,en,66,159530,0.00041371528866044005
112,0.13,en,653,159530,0.004093273992352536
113,0.14,en,57,159530,0.00035729956747947096
114,0.15,en,791,159530,0.004958315050460728
115,0.16,en,68,159530,0.0004262521155895443
116,0.17,en,133,159530,0.0008336989907854322
117,0.18,en,555,159530,0.0034789694728264275
118,0.19,en,62,159530,0.00038864163480223157
119,0.2,en,877,159530,0.005497398608412211
120,0.21,en,44,159530,0.0002758101924402934
121,0.22,en,92,159530,0.0005766940387387953
122,0.23,en,754,159530,0.0047263837522723
123,0.24,en,81,159530,0.0005077414906287219
124,0.25,en,711,159530,0.004456841973296558
125,0.26,en,86,159530,0.0005390835579514825
126,0.27,en,1064,159530,0.006669591926283458
127,0.28,en,55,159530,0.0003447627405503667
128,0.29,en,92,159530,0.0005766940387387953
129,0.3,en,812,159530,0.005089951733216323
130,0.31,en,74,159530,0.000463862596376857
131,0.32,en,1131,159530,0.00708957562840845
132,0.33,en,101,159530,0.0006331097599197643
133,0.34,en,826,159530,0.0051777095217200525
134,0.35,en,96,159530,0.0006017676925970037
135,0.36,en,1678,159530,0.01051839779351846
136,0.37,en,100,159530,0.0006268413464552122
137,0.38,en,737,159530,0.004619820723374914
138,0.39,en,96,159530,0.0006017676925970037
139,0.4,en,1383,159530,0.008669215821475585
140,0.41,en,74,159530,0.000463862596376857
141,0.42,en,1577,159530,0.009885288033598696
142,0.43,en,103,159530,0.0006456465868488686
143,0.44,en,1285,159530,0.008054911301949477
144,0.45,en,96,159530,0.0006017676925970037
145,0.46,en,890,159530,0.005578887983451388
146,0.47,en,109,159530,0.0006832570676361813
147,0.48,en,1077,159530,0.006751081301322635
148,0.49,en,1464,159530,0.009176957312104307
149,0.5,en,176,159530,0.0011032407697611735
150,0.51,en,1186,159530,0.007434338368958816
151,0.52,en,182,159530,0.0011408512505484863
152,0.53,en,810,159530,0.005077414906287219
153,0.54,en,7805,159530,0.04892496709082931
154,0.55,en,108,159530,0.0006769886541716292
155,0.56,en,773,159530,0.00484548360809879
156,0.57,en,1162,159530,0.007283896445809565
157,0.58,en,379,159530,0.002375728703065254
158,0.59,en,851,159530,0.005334419858333855
159,0.6,en,1201,159530,0.007528364570927098
160,0.61,en,588,159530,0.0036858271171566477
161,0.62,en,917,159530,0.005748135146994296
162,0.63,en,207,159530,0.0012975615871622893
163,0.64,en,1539,159530,0.009647088321945715
164,0.65,en,945,159530,0.005923650724001755
165,0.66,en,694,159530,0.0043502789443991725
166,0.67,en,640,159530,0.0040117846173133576
167,0.68,en,790,159530,0.004952046636996176
168,0.69,en,646,159530,0.004049395098100671
169,0.7,en,607,159530,0.0038049269729831378
170,0.71,en,562,159530,0.0035228483670782925
171,0.72,en,1128,159530,0.0070707703880147936
172,0.73,en,544,159530,0.0034100169247163544
173,0.74,en,1135,159530,0.007114649282266659
174,0.75,en,654,159530,0.004099542405817088
175,0.76,en,1023,159530,0.006412586974236821
176,0.77,en,534,159530,0.003347332790070833
177,0.78,en,1084,159530,0.0067949601955745
178,0.79,en,636,159530,0.003986710963455149
179,0.8,en,939,159530,0.005886040243214442
180,0.81,en,1039,159530,0.006512881589669655
181,0.82,en,836,159530,0.005240393656365574
182,0.83,en,929,159530,0.005823356108568921
183,0.84,en,920,159530,0.005766940387387952
184,0.85,en,700,159530,0.004387889425186486
185,0.86,en,986,159530,0.006180655676048392
186,0.87,en,905,159530,0.00567291418541967
187,0.88,en,952,159530,0.00596752961825362
188,0.89,en,888,159530,0.0055663511565222845
189,0.9,en,910,159530,0.005704256252742431
190,0.91,en,829,159530,0.005196514762113709
191,0.92,en,904,159530,0.005666645771955118
192,0.93,en,792,159530,0.004964583463925281
193,0.94,en,650,159530,0.004074468751958879
194,0.95,en,745,159530,0.004669968031091331
195,0.96,en,526,159530,0.003297185482354416
196,0.97,en,343,159530,0.002150065818341378
197,0.98,en,163,159530,0.001021751394721996
198,0.99,en,32,159530,0.0002005892308656679
199,-0.97,de,4,1328,0.0030120481927710845
200,-0.96,de,1,1328,0.0007530120481927711
201,-0.95,de,12,1328,0.009036144578313253
202,-0.94,de,1,1328,0.0007530120481927711
203,-0.92,de,4,1328,0.0030120481927710845
204,-0.91,de,29,1328,0.021837349397590362
205,-0.9,de,1,1328,0.0007530120481927711
206,-0.89,de,2,1328,0.0015060240963855422
207,-0.87,de,2,1328,0.0015060240963855422
208,-0.86,de,6,1328,0.004518072289156626
209,-0.85,de,6,1328,0.004518072289156626
210,-0.84,de,6,1328,0.004518072289156626
211,-0.83,de,87,1328,0.06551204819277108
212,-0.8,de,1,1328,0.0007530120481927711
213,-0.78,de,4,1328,0.0030120481927710845
214,-0.77,de,2,1328,0.0015060240963855422
215,-0.75,de,2,1328,0.0015060240963855422
216,-0.72,de,1,1328,0.0007530120481927711
217,-0.71,de,2,1328,0.0015060240963855422
218,-0.7,de,1,1328,0.0007530120481927711
219,-0.69,de,1,1328,0.0007530120481927711
220,-0.68,de,5,1328,0.0037650602409638554
221,-0.67,de,4,1328,0.0030120481927710845
222,-0.66,de,5,1328,0.0037650602409638554
223,-0.65,de,3,1328,0.002259036144578313
224,-0.64,de,35,1328,0.02635542168674699
225,-0.63,de,14,1328,0.010542168674698794
226,-0.62,de,1,1328,0.0007530120481927711
227,-0.6,de,286,1328,0.21536144578313254
228,-0.56,de,4,1328,0.0030120481927710845
229,-0.53,de,1,1328,0.0007530120481927711
230,-0.51,de,1,1328,0.0007530120481927711
231,-0.44,de,1,1328,0.0007530120481927711
232,-0.42,de,6,1328,0.004518072289156626
233,-0.38,de,1,1328,0.0007530120481927711
234,-0.36,de,2,1328,0.0015060240963855422
235,-0.34,de,1,1328,0.0007530120481927711
236,-0.32,de,2,1328,0.0015060240963855422
237,-0.3,de,1,1328,0.0007530120481927711
238,-0.25,de,8,1328,0.006024096385542169
239,-0.24,de,3,1328,0.002259036144578313
240,-0.23,de,1,1328,0.0007530120481927711
241,-0.22,de,2,1328,0.0015060240963855422
242,-0.18,de,6,1328,0.004518072289156626
243,-0.15,de,1,1328,0.0007530120481927711
244,-0.1,de,13,1328,0.009789156626506024
245,-0.08,de,3,1328,0.002259036144578313
246,0.0,de,698,1328,0.5256024096385542
247,0.1,de,2,1328,0.0015060240963855422
248,0.13,de,1,1328,0.0007530120481927711
249,0.2,de,1,1328,0.0007530120481927711
250,0.23,de,1,1328,0.0007530120481927711
251,0.27,de,2,1328,0.0015060240963855422
252,0.38,de,1,1328,0.0007530120481927711
253,0.42,de,1,1328,0.0007530120481927711
254,0.43,de,1,1328,0.0007530120481927711
255,0.44,de,3,1328,0.002259036144578313
256,0.48,de,1,1328,0.0007530120481927711
257,0.49,de,3,1328,0.002259036144578313
258,0.53,de,1,1328,0.0007530120481927711
259,0.54,de,10,1328,0.007530120481927711
260,0.57,de,2,1328,0.0015060240963855422
261,0.59,de,1,1328,0.0007530120481927711
262,0.6,de,2,1328,0.0015060240963855422
263,0.62,de,2,1328,0.0015060240963855422
264,0.64,de,1,1328,0.0007530120481927711
265,0.65,de,1,1328,0.0007530120481927711
266,0.66,de,2,1328,0.0015060240963855422
267,0.67,de,1,1328,0.0007530120481927711
268,0.68,de,1,1328,0.0007530120481927711
269,0.75,de,1,1328,0.0007530120481927711
270,0.78,de,1,1328,0.0007530120481927711
271,0.83,de,1,1328,0.0007530120481927711
272,0.84,de,1,1328,0.0007530120481927711
273,-0.95,es,1,3209,0.0003116235587410408
274,-0.93,es,1,3209,0.0003116235587410408
275,-0.86,es,4,3209,0.0012464942349641633
276,-0.85,es,1,3209,0.0003116235587410408
277,-0.83,es,1,3209,0.0003116235587410408
278,-0.81,es,2,3209,0.0006232471174820816
279,-0.8,es,2,3209,0.0006232471174820816
280,-0.79,es,2,3209,0.0006232471174820816
281,-0.78,es,4,3209,0.0012464942349641633
282,-0.77,es,1,3209,0.0003116235587410408
283,-0.76,es,2,3209,0.0006232471174820816
284,-0.75,es,4,3209,0.0012464942349641633
285,-0.74,es,3,3209,0.0009348706762231225
286,-0.72,es,2,3209,0.0006232471174820816
287,-0.71,es,2,3209,0.0006232471174820816
288,-0.7,es,10,3209,0.0031162355874104083
289,-0.68,es,6,3209,0.001869741352446245
290,-0.65,es,2,3209,0.0006232471174820816
291,-0.64,es,1,3209,0.0003116235587410408
292,-0.63,es,3,3209,0.0009348706762231225
293,-0.62,es,6,3209,0.001869741352446245
294,-0.61,es,5,3209,0.0015581177937052041
295,-0.6,es,20,3209,0.0062324711748208165
296,-0.57,es,9,3209,0.0028046120286693674
297,-0.56,es,51,3209,0.015892801495793082
298,-0.54,es,2,3209,0.0006232471174820816
299,-0.53,es,29,3209,0.009037083203490184
300,-0.52,es,3,3209,0.0009348706762231225
301,-0.51,es,2,3209,0.0006232471174820816
302,-0.5,es,1,3209,0.0003116235587410408
303,-0.49,es,4,3209,0.0012464942349641633
304,-0.48,es,2,3209,0.0006232471174820816
305,-0.47,es,8,3209,0.0024929884699283265
306,-0.45,es,5,3209,0.0015581177937052041
307,-0.44,es,2,3209,0.0006232471174820816
308,-0.43,es,1,3209,0.0003116235587410408
309,-0.42,es,4,3209,0.0012464942349641633
310,-0.41,es,4,3209,0.0012464942349641633
311,-0.4,es,3,3209,0.0009348706762231225
312,-0.38,es,1,3209,0.0003116235587410408
313,-0.37,es,6,3209,0.001869741352446245
314,-0.36,es,39,3209,0.012153318790900591
315,-0.32,es,3,3209,0.0009348706762231225
316,-0.3,es,278,3209,0.08663134933000935
317,-0.27,es,3,3209,0.0009348706762231225
318,-0.25,es,1,3209,0.0003116235587410408
319,-0.24,es,1,3209,0.0003116235587410408
320,-0.23,es,2,3209,0.0006232471174820816
321,-0.21,es,1,3209,0.0003116235587410408
322,-0.2,es,1,3209,0.0003116235587410408
323,-0.15,es,3,3209,0.0009348706762231225
324,-0.13,es,3,3209,0.0009348706762231225
325,-0.1,es,4,3209,0.0012464942349641633
326,-0.08,es,1,3209,0.0003116235587410408
327,0.0,es,2313,3209,0.7207852913680274
328,0.03,es,3,3209,0.0009348706762231225
329,0.05,es,16,3209,0.004985976939856653
330,0.08,es,2,3209,0.0006232471174820816
331,0.1,es,2,3209,0.0006232471174820816
332,0.13,es,5,3209,0.0015581177937052041
333,0.14,es,1,3209,0.0003116235587410408
334,0.15,es,2,3209,0.0006232471174820816
335,0.18,es,4,3209,0.0012464942349641633
336,0.2,es,3,3209,0.0009348706762231225
337,0.23,es,1,3209,0.0003116235587410408
338,0.25,es,2,3209,0.0006232471174820816
339,0.27,es,1,3209,0.0003116235587410408
340,0.3,es,1,3209,0.0003116235587410408
341,0.31,es,1,3209,0.0003116235587410408
342,0.32,es,13,3209,0.0040511062636335304
343,0.33,es,1,3209,0.0003116235587410408
344,0.34,es,95,3209,0.029604238080398877
345,0.36,es,4,3209,0.0012464942349641633
346,0.38,es,4,3209,0.0012464942349641633
347,0.4,es,12,3209,0.00373948270489249
348,0.41,es,1,3209,0.0003116235587410408
349,0.42,es,13,3209,0.0040511062636335304
350,0.44,es,3,3209,0.0009348706762231225
351,0.45,es,1,3209,0.0003116235587410408
352,0.46,es,3,3209,0.0009348706762231225
353,0.48,es,7,3209,0.0021813649111872857
354,0.49,es,17,3209,0.005297600498597694
355,0.51,es,4,3209,0.0012464942349641633
356,0.53,es,2,3209,0.0006232471174820816
357,0.54,es,22,3209,0.006855718292302898
358,0.55,es,3,3209,0.0009348706762231225
359,0.56,es,1,3209,0.0003116235587410408
360,0.57,es,1,3209,0.0003116235587410408
361,0.58,es,3,3209,0.0009348706762231225
362,0.59,es,8,3209,0.0024929884699283265
363,0.6,es,1,3209,0.0003116235587410408
364,0.61,es,14,3209,0.004362729822374571
365,0.62,es,3,3209,0.0009348706762231225
366,0.64,es,5,3209,0.0015581177937052041
367,0.65,es,11,3209,0.003427859146151449
368,0.66,es,1,3209,0.0003116235587410408
369,0.67,es,2,3209,0.0006232471174820816
370,0.68,es,2,3209,0.0006232471174820816
371,0.71,es,4,3209,0.0012464942349641633
372,0.72,es,3,3209,0.0009348706762231225
373,0.73,es,1,3209,0.0003116235587410408
374,0.74,es,2,3209,0.0006232471174820816
375,0.75,es,4,3209,0.0012464942349641633
376,0.76,es,2,3209,0.0006232471174820816
377,0.77,es,1,3209,0.0003116235587410408
378,0.79,es,1,3209,0.0003116235587410408
379,0.81,es,2,3209,0.0006232471174820816
380,0.82,es,2,3209,0.0006232471174820816
381,0.83,es,3,3209,0.0009348706762231225
382,0.84,es,4,3209,0.0012464942349641633
383,0.86,es,2,3209,0.0006232471174820816
384,0.88,es,1,3209,0.0003116235587410408
385,0.93,es,1,3209,0.0003116235587410408
386,-0.93,fr,1,1677,0.0005963029218843172
387,-0.88,fr,1,1677,0.0005963029218843172
388,-0.85,fr,1,1677,0.0005963029218843172
389,-0.82,fr,1,1677,0.0005963029218843172
390,-0.78,fr,2,1677,0.0011926058437686344
391,-0.76,fr,1,1677,0.0005963029218843172
392,-0.74,fr,1,1677,0.0005963029218843172
393,-0.71,fr,2,1677,0.0011926058437686344
394,-0.68,fr,1,1677,0.0005963029218843172
395,-0.67,fr,1,1677,0.0005963029218843172
396,-0.66,fr,1,1677,0.0005963029218843172
397,-0.65,fr,9,1677,0.005366726296958855
398,-0.64,fr,3,1677,0.0017889087656529517
399,-0.62,fr,1,1677,0.0005963029218843172
400,-0.6,fr,9,1677,0.005366726296958855
401,-0.56,fr,5,1677,0.0029815146094215863
402,-0.54,fr,1,1677,0.0005963029218843172
403,-0.52,fr,2,1677,0.0011926058437686344
404,-0.51,fr,1,1677,0.0005963029218843172
405,-0.49,fr,1,1677,0.0005963029218843172
406,-0.48,fr,3,1677,0.0017889087656529517
407,-0.46,fr,18,1677,0.01073345259391771
408,-0.45,fr,1,1677,0.0005963029218843172
409,-0.44,fr,1,1677,0.0005963029218843172
410,-0.42,fr,4,1677,0.002385211687537269
411,-0.4,fr,3,1677,0.0017889087656529517
412,-0.39,fr,2,1677,0.0011926058437686344
413,-0.38,fr,6,1677,0.0035778175313059034
414,-0.36,fr,2,1677,0.0011926058437686344
415,-0.34,fr,2,1677,0.0011926058437686344
416,-0.32,fr,6,1677,0.0035778175313059034
417,-0.3,fr,1,1677,0.0005963029218843172
418,-0.27,fr,6,1677,0.0035778175313059034
419,-0.25,fr,1,1677,0.0005963029218843172
420,-0.23,fr,2,1677,0.0011926058437686344
421,-0.2,fr,7,1677,0.0041741204531902205
422,-0.18,fr,1,1677,0.0005963029218843172
423,-0.15,fr,3,1677,0.0017889087656529517
424,-0.13,fr,40,1677,0.02385211687537269
425,-0.1,fr,2,1677,0.0011926058437686344
426,-0.08,fr,1,1677,0.0005963029218843172
427,-0.05,fr,1,1677,0.0005963029218843172
428,-0.04,fr,1,1677,0.0005963029218843172
429,-0.03,fr,1,1677,0.0005963029218843172
430,0.0,fr,1322,1677,0.7883124627310674
431,0.03,fr,1,1677,0.0005963029218843172
432,0.13,fr,2,1677,0.0011926058437686344
433,0.15,fr,1,1677,0.0005963029218843172
434,0.16,fr,1,1677,0.0005963029218843172
435,0.18,fr,3,1677,0.0017889087656529517
436,0.2,fr,7,1677,0.0041741204531902205
437,0.24,fr,1,1677,0.0005963029218843172
438,0.25,fr,3,1677,0.0017889087656529517
439,0.27,fr,6,1677,0.0035778175313059034
440,0.28,fr,1,1677,0.0005963029218843172
441,0.29,fr,2,1677,0.0011926058437686344
442,0.3,fr,2,1677,0.0011926058437686344
443,0.32,fr,1,1677,0.0005963029218843172
444,0.34,fr,6,1677,0.0035778175313059034
445,0.36,fr,3,1677,0.0017889087656529517
446,0.37,fr,2,1677,0.0011926058437686344
447,0.38,fr,3,1677,0.0017889087656529517
448,0.4,fr,6,1677,0.0035778175313059034
449,0.42,fr,6,1677,0.0035778175313059034
450,0.44,fr,6,1677,0.0035778175313059034
451,0.46,fr,18,1677,0.01073345259391771
452,0.48,fr,21,1677,0.012522361359570662
453,0.49,fr,11,1677,0.00655933214072749
454,0.51,fr,1,1677,0.0005963029218843172
455,0.52,fr,2,1677,0.0011926058437686344
456,0.53,fr,8,1677,0.004770423375074538
457,0.54,fr,11,1677,0.00655933214072749
458,0.55,fr,1,1677,0.0005963029218843172
459,0.56,fr,2,1677,0.0011926058437686344
460,0.57,fr,3,1677,0.0017889087656529517
461,0.58,fr,4,1677,0.002385211687537269
462,0.59,fr,4,1677,0.002385211687537269
463,0.6,fr,3,1677,0.0017889087656529517
464,0.61,fr,2,1677,0.0011926058437686344
465,0.62,fr,2,1677,0.0011926058437686344
466,0.64,fr,5,1677,0.0029815146094215863
467,0.65,fr,13,1677,0.007751937984496124
468,0.66,fr,1,1677,0.0005963029218843172
469,0.68,fr,5,1677,0.0029815146094215863
470,0.7,fr,1,1677,0.0005963029218843172
471,0.71,fr,1,1677,0.0005963029218843172
472,0.72,fr,1,1677,0.0005963029218843172
473,0.74,fr,2,1677,0.0011926058437686344
474,0.76,fr,1,1677,0.0005963029218843172
475,0.78,fr,2,1677,0.0011926058437686344
476,0.81,fr,1,1677,0.0005963029218843172
477,0.83,fr,1,1677,0.0005963029218843172
478,0.84,fr,1,1677,0.0005963029218843172
479,0.85,fr,1,1677,0.0005963029218843172
480,0.86,fr,1,1677,0.0005963029218843172
481,0.87,fr,1,1677,0.0005963029218843172
482,0.88,fr,1,1677,0.0005963029218843172
483,-0.91,ro,1,58,0.017241379310344827
484,-0.8,ro,1,58,0.017241379310344827
485,-0.56,ro,2,58,0.034482758620689655
486,-0.44,ro,1,58,0.017241379310344827
487,-0.27,ro,4,58,0.06896551724137931
488,-0.15,ro,1,58,0.017241379310344827
489,-0.14,ro,1,58,0.017241379310344827
490,-0.05,ro,1,58,0.017241379310344827
491,0.0,ro,25,58,0.43103448275862066
492,0.06,ro,1,58,0.017241379310344827
493,0.13,ro,1,58,0.017241379310344827
494,0.2,ro,1,58,0.017241379310344827
495,0.23,ro,1,58,0.017241379310344827
496,0.25,ro,1,58,0.017241379310344827
497,0.3,ro,1,58,0.017241379310344827
498,0.36,ro,1,58,0.017241379310344827
499,0.42,ro,1,58,0.017241379310344827
500,0.49,ro,2,58,0.034482758620689655
501,0.54,ro,6,58,0.10344827586206896
502,0.64,ro,2,58,0.034482758620689655
503,0.77,ro,1,58,0.017241379310344827
504,0.78,ro,1,58,0.017241379310344827
505,0.87,ro,1,58,0.017241379310344827
506,-0.9,cy,2,8583,0.0002330187580100198
507,-0.89,cy,1,8583,0.0001165093790050099
508,-0.86,cy,1,8583,0.0001165093790050099
509,-0.85,cy,1,8583,0.0001165093790050099
510,-0.82,cy,1,8583,0.0001165093790050099
511,-0.81,cy,5,8583,0.0005825468950250495
512,-0.8,cy,2,8583,0.0002330187580100198
513,-0.78,cy,1,8583,0.0001165093790050099
514,-0.77,cy,1,8583,0.0001165093790050099
515,-0.76,cy,3,8583,0.0003495281370150297
516,-0.75,cy,1,8583,0.0001165093790050099
517,-0.74,cy,1,8583,0.0001165093790050099
518,-0.73,cy,1,8583,0.0001165093790050099
519,-0.72,cy,8,8583,0.0009320750320400792
520,-0.7,cy,6,8583,0.0006990562740300594
521,-0.69,cy,1,8583,0.0001165093790050099
522,-0.68,cy,15,8583,0.0017476406850751485
523,-0.67,cy,1,8583,0.0001165093790050099
524,-0.66,cy,2,8583,0.0002330187580100198
525,-0.65,cy,206,8583,0.02400093207503204
526,-0.64,cy,2,8583,0.0002330187580100198
527,-0.63,cy,4,8583,0.0004660375160200396
528,-0.61,cy,3,8583,0.0003495281370150297
529,-0.6,cy,41,8583,0.004776884539205406
530,-0.59,cy,1,8583,0.0001165093790050099
531,-0.57,cy,2,8583,0.0002330187580100198
532,-0.56,cy,547,8583,0.06373063031574042
533,-0.53,cy,26,8583,0.0030292438541302574
534,-0.52,cy,1,8583,0.0001165093790050099
535,-0.51,cy,1,8583,0.0001165093790050099
536,-0.5,cy,2,8583,0.0002330187580100198
537,-0.49,cy,1,8583,0.0001165093790050099
538,-0.48,cy,1,8583,0.0001165093790050099
539,-0.46,cy,1,8583,0.0001165093790050099
540,-0.44,cy,37,8583,0.004310847023185366
541,-0.42,cy,8,8583,0.0009320750320400792
542,-0.4,cy,4,8583,0.0004660375160200396
543,-0.36,cy,11,8583,0.001281603169055109
544,-0.34,cy,3,8583,0.0003495281370150297
545,-0.3,cy,2,8583,0.0002330187580100198
546,-0.27,cy,6,8583,0.0006990562740300594
547,-0.25,cy,1,8583,0.0001165093790050099
548,-0.23,cy,2,8583,0.0002330187580100198
549,-0.22,cy,1,8583,0.0001165093790050099
550,-0.2,cy,1,8583,0.0001165093790050099
551,-0.1,cy,1,8583,0.0001165093790050099
552,-0.03,cy,3,8583,0.0003495281370150297
553,0.0,cy,7504,8583,0.8742863800535943
554,0.08,cy,2,8583,0.0002330187580100198
555,0.15,cy,4,8583,0.0004660375160200396
556,0.18,cy,1,8583,0.0001165093790050099
557,0.2,cy,6,8583,0.0006990562740300594
558,0.23,cy,2,8583,0.0002330187580100198
559,0.25,cy,2,8583,0.0002330187580100198
560,0.27,cy,5,8583,0.0005825468950250495
561,0.3,cy,1,8583,0.0001165093790050099
562,0.32,cy,2,8583,0.0002330187580100198
563,0.34,cy,1,8583,0.0001165093790050099
564,0.36,cy,1,8583,0.0001165093790050099
565,0.38,cy,5,8583,0.0005825468950250495
566,0.4,cy,2,8583,0.0002330187580100198
567,0.42,cy,4,8583,0.0004660375160200396
568,0.44,cy,2,8583,0.0002330187580100198
569,0.45,cy,2,8583,0.0002330187580100198
570,0.46,cy,1,8583,0.0001165093790050099
571,0.49,cy,4,8583,0.0004660375160200396
572,0.51,cy,17,8583,0.0019806594430851684
573,0.53,cy,3,8583,0.0003495281370150297
574,0.54,cy,26,8583,0.0030292438541302574
575,0.56,cy,2,8583,0.0002330187580100198
576,0.59,cy,3,8583,0.0003495281370150297
577,0.62,cy,2,8583,0.0002330187580100198
578,0.71,cy,1,8583,0.0001165093790050099
579,0.72,cy,1,8583,0.0001165093790050099
580,0.73,cy,1,8583,0.0001165093790050099
581,0.74,cy,1,8583,0.0001165093790050099
582,0.75,cy,1,8583,0.0001165093790050099
583,0.85,cy,1,8583,0.0001165093790050099
584,-0.9,it,1,957,0.0010449320794148381
585,-0.88,it,1,957,0.0010449320794148381
586,-0.69,it,3,957,0.003134796238244514
587,-0.67,it,1,957,0.0010449320794148381
588,-0.62,it,1,957,0.0010449320794148381
589,-0.59,it,1,957,0.0010449320794148381
590,-0.57,it,1,957,0.0010449320794148381
591,-0.56,it,5,957,0.00522466039707419
592,-0.51,it,2,957,0.0020898641588296763
593,-0.48,it,1,957,0.0010449320794148381
594,-0.46,it,8,957,0.008359456635318705
595,-0.34,it,1,957,0.0010449320794148381
596,-0.3,it,31,957,0.03239289446185998
597,-0.28,it,1,957,0.0010449320794148381
598,-0.27,it,1,957,0.0010449320794148381
599,-0.25,it,1,957,0.0010449320794148381
600,-0.23,it,1,957,0.0010449320794148381
601,-0.2,it,1,957,0.0010449320794148381
602,-0.15,it,1,957,0.0010449320794148381
603,-0.1,it,1,957,0.0010449320794148381
604,-0.05,it,2,957,0.0020898641588296763
605,0.0,it,722,957,0.754440961337513
606,0.05,it,2,957,0.0020898641588296763
607,0.13,it,1,957,0.0010449320794148381
608,0.15,it,1,957,0.0010449320794148381
609,0.18,it,1,957,0.0010449320794148381
610,0.2,it,16,957,0.01671891327063741
611,0.27,it,4,957,0.0041797283176593526
612,0.3,it,1,957,0.0010449320794148381
613,0.32,it,1,957,0.0010449320794148381
614,0.34,it,72,957,0.07523510971786834
615,0.36,it,1,957,0.0010449320794148381
616,0.38,it,1,957,0.0010449320794148381
617,0.4,it,6,957,0.006269592476489028
618,0.44,it,1,957,0.0010449320794148381
619,0.46,it,1,957,0.0010449320794148381
620,0.49,it,6,957,0.006269592476489028
621,0.51,it,1,957,0.0010449320794148381
622,0.54,it,7,957,0.0073145245559038665
623,0.55,it,1,957,0.0010449320794148381
624,0.58,it,1,957,0.0010449320794148381
625,0.59,it,11,957,0.011494252873563218
626,0.6,it,3,957,0.003134796238244514
627,0.65,it,9,957,0.009404388714733543
628,0.68,it,2,957,0.0020898641588296763
629,0.69,it,1,957,0.0010449320794148381
630,0.71,it,2,957,0.0020898641588296763
631,0.73,it,2,957,0.0020898641588296763
632,0.74,it,2,957,0.0020898641588296763
633,0.75,it,3,957,0.003134796238244514
634,0.78,it,1,957,0.0010449320794148381
635,0.79,it,1,957,0.0010449320794148381
636,0.8,it,1,957,0.0010449320794148381
637,0.81,it,1,957,0.0010449320794148381
638,0.83,it,1,957,0.0010449320794148381
639,0.84,it,1,957,0.0010449320794148381
640,0.86,it,2,957,0.0020898641588296763
641,0.87,it,1,957,0.0010449320794148381
642,-0.9,ja,1,1227,0.0008149959250203749
643,-0.85,ja,1,1227,0.0008149959250203749
644,-0.82,ja,1,1227,0.0008149959250203749
645,-0.81,ja,3,1227,0.0024449877750611247
646,-0.8,ja,3,1227,0.0024449877750611247
647,-0.78,ja,1,1227,0.0008149959250203749
648,-0.77,ja,1,1227,0.0008149959250203749
649,-0.76,ja,2,1227,0.0016299918500407497
650,-0.74,ja,4,1227,0.0032599837000814994
651,-0.73,ja,1,1227,0.0008149959250203749
652,-0.71,ja,4,1227,0.0032599837000814994
653,-0.69,ja,2,1227,0.0016299918500407497
654,-0.68,ja,2,1227,0.0016299918500407497
655,-0.67,ja,1,1227,0.0008149959250203749
656,-0.65,ja,7,1227,0.0057049714751426246
657,-0.6,ja,40,1227,0.032599837000814993
658,-0.57,ja,1,1227,0.0008149959250203749
659,-0.56,ja,113,1227,0.09209453952730236
660,-0.54,ja,1,1227,0.0008149959250203749
661,-0.53,ja,2,1227,0.0016299918500407497
662,-0.51,ja,2,1227,0.0016299918500407497
663,-0.49,ja,1,1227,0.0008149959250203749
664,-0.48,ja,3,1227,0.0024449877750611247
665,-0.44,ja,2,1227,0.0016299918500407497
666,-0.42,ja,5,1227,0.004074979625101874
667,-0.4,ja,1,1227,0.0008149959250203749
668,-0.36,ja,3,1227,0.0024449877750611247
669,-0.34,ja,1,1227,0.0008149959250203749
670,-0.32,ja,2,1227,0.0016299918500407497
671,-0.3,ja,3,1227,0.0024449877750611247
672,-0.28,ja,1,1227,0.0008149959250203749
673,-0.27,ja,1,1227,0.0008149959250203749
674,-0.25,ja,1,1227,0.0008149959250203749
675,-0.24,ja,1,1227,0.0008149959250203749
676,-0.18,ja,1,1227,0.0008149959250203749
677,-0.15,ja,7,1227,0.0057049714751426246
678,-0.1,ja,1,1227,0.0008149959250203749
679,-0.05,ja,2,1227,0.0016299918500407497
680,-0.03,ja,1,1227,0.0008149959250203749
681,0.0,ja,735,1227,0.5990220048899756
682,0.05,ja,1,1227,0.0008149959250203749
683,0.08,ja,1,1227,0.0008149959250203749
684,0.1,ja,1,1227,0.0008149959250203749
685,0.15,ja,1,1227,0.0008149959250203749
686,0.18,ja,3,1227,0.0024449877750611247
687,0.2,ja,2,1227,0.0016299918500407497
688,0.22,ja,1,1227,0.0008149959250203749
689,0.23,ja,1,1227,0.0008149959250203749
690,0.25,ja,2,1227,0.0016299918500407497
691,0.27,ja,1,1227,0.0008149959250203749
692,0.32,ja,2,1227,0.0016299918500407497
693,0.34,ja,5,1227,0.004074979625101874
694,0.36,ja,2,1227,0.0016299918500407497
695,0.38,ja,2,1227,0.0016299918500407497
696,0.4,ja,7,1227,0.0057049714751426246
697,0.42,ja,7,1227,0.0057049714751426246
698,0.44,ja,2,1227,0.0016299918500407497
699,0.49,ja,12,1227,0.009779951100244499
700,0.5,ja,1,1227,0.0008149959250203749
701,0.51,ja,3,1227,0.0024449877750611247
702,0.53,ja,3,1227,0.0024449877750611247
703,0.54,ja,110,1227,0.08964955175224124
704,0.57,ja,2,1227,0.0016299918500407497
705,0.58,ja,1,1227,0.0008149959250203749
706,0.6,ja,6,1227,0.004889975550122249
707,0.61,ja,2,1227,0.0016299918500407497
708,0.63,ja,2,1227,0.0016299918500407497
709,0.64,ja,8,1227,0.006519967400162999
710,0.65,ja,9,1227,0.007334963325183374
711,0.66,ja,1,1227,0.0008149959250203749
712,0.68,ja,4,1227,0.0032599837000814994
713,0.7,ja,2,1227,0.0016299918500407497
714,0.73,ja,1,1227,0.0008149959250203749
715,0.74,ja,4,1227,0.0032599837000814994
716,0.75,ja,2,1227,0.0016299918500407497
717,0.77,ja,1,1227,0.0008149959250203749
718,0.78,ja,2,1227,0.0016299918500407497
719,0.79,ja,1,1227,0.0008149959250203749
720,0.8,ja,3,1227,0.0024449877750611247
721,0.81,ja,7,1227,0.0057049714751426246
722,0.82,ja,5,1227,0.004074979625101874
723,0.83,ja,6,1227,0.004889975550122249
724,0.84,ja,4,1227,0.0032599837000814994
725,0.85,ja,3,1227,0.0024449877750611247
726,0.86,ja,5,1227,0.004074979625101874
727,0.87,ja,1,1227,0.0008149959250203749
728,0.88,ja,1,1227,0.0008149959250203749
729,0.89,ja,1,1227,0.0008149959250203749
730,0.9,ja,1,1227,0.0008149959250203749
731,0.91,ja,4,1227,0.0032599837000814994
732,0.92,ja,1,1227,0.0008149959250203749
733,0.93,ja,1,1227,0.0008149959250203749
734,0.95,ja,1,1227,0.0008149959250203749
735,-0.9,tl,1,493,0.002028397565922921
736,-0.84,tl,1,493,0.002028397565922921
737,-0.77,tl,2,493,0.004056795131845842
738,-0.74,tl,2,493,0.004056795131845842
739,-0.67,tl,1,493,0.002028397565922921
740,-0.65,tl,1,493,0.002028397565922921
741,-0.6,tl,7,493,0.014198782961460446
742,-0.59,tl,1,493,0.002028397565922921
743,-0.57,tl,1,493,0.002028397565922921
744,-0.56,tl,5,493,0.010141987829614604
745,-0.54,tl,1,493,0.002028397565922921
746,-0.53,tl,2,493,0.004056795131845842
747,-0.49,tl,1,493,0.002028397565922921
748,-0.48,tl,6,493,0.012170385395537525
749,-0.46,tl,1,493,0.002028397565922921
750,-0.4,tl,1,493,0.002028397565922921
751,-0.37,tl,1,493,0.002028397565922921
752,-0.36,tl,9,493,0.018255578093306288
753,-0.34,tl,2,493,0.004056795131845842
754,-0.32,tl,3,493,0.006085192697768763
755,-0.3,tl,5,493,0.010141987829614604
756,-0.23,tl,1,493,0.002028397565922921
757,-0.2,tl,1,493,0.002028397565922921
758,-0.03,tl,1,493,0.002028397565922921
759,0.0,tl,356,493,0.7221095334685599
760,0.08,tl,1,493,0.002028397565922921
761,0.13,tl,1,493,0.002028397565922921
762,0.15,tl,1,493,0.002028397565922921
763,0.19,tl,1,493,0.002028397565922921
764,0.2,tl,3,493,0.006085192697768763
765,0.23,tl,1,493,0.002028397565922921
766,0.25,tl,1,493,0.002028397565922921
767,0.27,tl,3,493,0.006085192697768763
768,0.32,tl,2,493,0.004056795131845842
769,0.34,tl,3,493,0.006085192697768763
770,0.36,tl,1,493,0.002028397565922921
771,0.38,tl,1,493,0.002028397565922921
772,0.39,tl,1,493,0.002028397565922921
773,0.4,tl,4,493,0.008113590263691683
774,0.42,tl,12,493,0.02434077079107505
775,0.44,tl,2,493,0.004056795131845842
776,0.46,tl,1,493,0.002028397565922921
777,0.48,tl,2,493,0.004056795131845842
778,0.49,tl,1,493,0.002028397565922921
779,0.51,tl,2,493,0.004056795131845842
780,0.52,tl,1,493,0.002028397565922921
781,0.54,tl,12,493,0.02434077079107505
782,0.56,tl,2,493,0.004056795131845842
783,0.57,tl,4,493,0.008113590263691683
784,0.59,tl,1,493,0.002028397565922921
785,0.62,tl,2,493,0.004056795131845842
786,0.64,tl,1,493,0.002028397565922921
787,0.65,tl,1,493,0.002028397565922921
788,0.66,tl,1,493,0.002028397565922921
789,0.68,tl,1,493,0.002028397565922921
790,0.7,tl,1,493,0.002028397565922921
791,0.73,tl,1,493,0.002028397565922921
792,0.75,tl,1,493,0.002028397565922921
793,0.76,tl,2,493,0.004056795131845842
794,0.79,tl,1,493,0.002028397565922921
795,0.81,tl,1,493,0.002028397565922921
796,0.82,tl,1,493,0.002028397565922921
797,0.83,tl,1,493,0.002028397565922921
798,0.89,tl,1,493,0.002028397565922921
799,-0.88,nl,1,226,0.004424778761061947
800,-0.83,nl,7,226,0.030973451327433628
801,-0.82,nl,2,226,0.008849557522123894
802,-0.79,nl,1,226,0.004424778761061947
803,-0.7,nl,1,226,0.004424778761061947
804,-0.66,nl,1,226,0.004424778761061947
805,-0.65,nl,1,226,0.004424778761061947
806,-0.64,nl,1,226,0.004424778761061947
807,-0.6,nl,15,226,0.06637168141592921
808,-0.57,nl,1,226,0.004424778761061947
809,-0.54,nl,2,226,0.008849557522123894
810,-0.46,nl,2,226,0.008849557522123894
811,-0.43,nl,1,226,0.004424778761061947
812,-0.4,nl,2,226,0.008849557522123894
813,-0.1,nl,2,226,0.008849557522123894
814,-0.08,nl,1,226,0.004424778761061947
815,0.0,nl,160,226,0.7079646017699115
816,0.08,nl,1,226,0.004424778761061947
817,0.1,nl,1,226,0.004424778761061947
818,0.2,nl,1,226,0.004424778761061947
819,0.27,nl,4,226,0.017699115044247787
820,0.34,nl,2,226,0.008849557522123894
821,0.37,nl,1,226,0.004424778761061947
822,0.42,nl,1,226,0.004424778761061947
823,0.44,nl,1,226,0.004424778761061947
824,0.47,nl,1,226,0.004424778761061947
825,0.48,nl,4,226,0.017699115044247787
826,0.49,nl,1,226,0.004424778761061947
827,0.59,nl,2,226,0.008849557522123894
828,0.6,nl,3,226,0.01327433628318584
829,0.71,nl,1,226,0.004424778761061947
830,0.81,nl,1,226,0.004424778761061947
831,-0.88,und,1,3042,0.0003287310979618672
832,-0.84,und,1,3042,0.0003287310979618672
833,-0.83,und,1,3042,0.0003287310979618672
834,-0.78,und,1,3042,0.0003287310979618672
835,-0.76,und,1,3042,0.0003287310979618672
836,-0.7,und,1,3042,0.0003287310979618672
837,-0.68,und,1,3042,0.0003287310979618672
838,-0.67,und,1,3042,0.0003287310979618672
839,-0.65,und,1,3042,0.0003287310979618672
840,-0.64,und,3,3042,0.0009861932938856016
841,-0.63,und,1,3042,0.0003287310979618672
842,-0.62,und,2,3042,0.0006574621959237344
843,-0.6,und,36,3042,0.011834319526627219
844,-0.59,und,1,3042,0.0003287310979618672
845,-0.58,und,1,3042,0.0003287310979618672
846,-0.57,und,2,3042,0.0006574621959237344
847,-0.56,und,39,3042,0.01282051282051282
848,-0.54,und,1,3042,0.0003287310979618672
849,-0.53,und,3,3042,0.0009861932938856016
850,-0.48,und,5,3042,0.001643655489809336
851,-0.47,und,1,3042,0.0003287310979618672
852,-0.46,und,2,3042,0.0006574621959237344
853,-0.45,und,1,3042,0.0003287310979618672
854,-0.44,und,4,3042,0.0013149243918474688
855,-0.42,und,3,3042,0.0009861932938856016
856,-0.4,und,4,3042,0.0013149243918474688
857,-0.38,und,1,3042,0.0003287310979618672
858,-0.37,und,1,3042,0.0003287310979618672
859,-0.36,und,5,3042,0.001643655489809336
860,-0.32,und,1,3042,0.0003287310979618672
861,-0.3,und,9,3042,0.0029585798816568047
862,-0.27,und,1,3042,0.0003287310979618672
863,-0.18,und,1,3042,0.0003287310979618672
864,-0.11,und,1,3042,0.0003287310979618672
865,-0.1,und,3,3042,0.0009861932938856016
866,-0.08,und,2,3042,0.0006574621959237344
867,-0.05,und,4,3042,0.0013149243918474688
868,-0.03,und,1,3042,0.0003287310979618672
869,0.0,und,2739,3042,0.9003944773175543
870,0.05,und,1,3042,0.0003287310979618672
871,0.08,und,2,3042,0.0006574621959237344
872,0.1,und,1,3042,0.0003287310979618672
873,0.13,und,4,3042,0.0013149243918474688
874,0.2,und,2,3042,0.0006574621959237344
875,0.23,und,1,3042,0.0003287310979618672
876,0.25,und,1,3042,0.0003287310979618672
877,0.26,und,1,3042,0.0003287310979618672
878,0.27,und,1,3042,0.0003287310979618672
879,0.3,und,5,3042,0.001643655489809336
880,0.32,und,1,3042,0.0003287310979618672
881,0.34,und,7,3042,0.0023011176857330702
882,0.35,und,1,3042,0.0003287310979618672
883,0.36,und,5,3042,0.001643655489809336
884,0.4,und,7,3042,0.0023011176857330702
885,0.42,und,25,3042,0.00821827744904668
886,0.43,und,1,3042,0.0003287310979618672
887,0.44,und,1,3042,0.0003287310979618672
888,0.48,und,1,3042,0.0003287310979618672
889,0.49,und,2,3042,0.0006574621959237344
890,0.51,und,1,3042,0.0003287310979618672
891,0.53,und,3,3042,0.0009861932938856016
892,0.54,und,20,3042,0.006574621959237344
893,0.55,und,3,3042,0.0009861932938856016
894,0.56,und,1,3042,0.0003287310979618672
895,0.57,und,1,3042,0.0003287310979618672
896,0.58,und,1,3042,0.0003287310979618672
897,0.59,und,6,3042,0.0019723865877712033
898,0.6,und,5,3042,0.001643655489809336
899,0.61,und,2,3042,0.0006574621959237344
900,0.62,und,5,3042,0.001643655489809336
901,0.64,und,2,3042,0.0006574621959237344
902,0.65,und,10,3042,0.003287310979618672
903,0.67,und,1,3042,0.0003287310979618672
904,0.7,und,2,3042,0.0006574621959237344
905,0.74,und,1,3042,0.0003287310979618672
906,0.76,und,2,3042,0.0006574621959237344
907,0.77,und,1,3042,0.0003287310979618672
908,0.78,und,3,3042,0.0009861932938856016
909,0.79,und,2,3042,0.0006574621959237344
910,0.8,und,2,3042,0.0006574621959237344
911,0.81,und,1,3042,0.0003287310979618672
912,0.82,und,1,3042,0.0003287310979618672
913,0.83,und,1,3042,0.0003287310979618672
914,0.84,und,3,3042,0.0009861932938856016
915,0.85,und,1,3042,0.0003287310979618672
916,0.86,und,2,3042,0.0006574621959237344
917,0.87,und,1,3042,0.0003287310979618672
918,0.89,und,1,3042,0.0003287310979618672
919,-0.87,et,1,102,0.00980392156862745
920,-0.81,et,1,102,0.00980392156862745
921,-0.77,et,1,102,0.00980392156862745
922,-0.65,et,1,102,0.00980392156862745
923,-0.6,et,3,102,0.029411764705882353
924,-0.57,et,1,102,0.00980392156862745
925,-0.54,et,5,102,0.049019607843137254
926,-0.48,et,1,102,0.00980392156862745
927,-0.38,et,2,102,0.0196078431372549
928,-0.34,et,1,102,0.00980392156862745
929,-0.3,et,1,102,0.00980392156862745
930,-0.25,et,3,102,0.029411764705882353
931,-0.1,et,1,102,0.00980392156862745
932,0.0,et,62,102,0.6078431372549019
933,0.05,et,1,102,0.00980392156862745
934,0.2,et,1,102,0.00980392156862745
935,0.34,et,3,102,0.029411764705882353
936,0.49,et,1,102,0.00980392156862745
937,0.54,et,7,102,0.06862745098039216
938,0.58,et,1,102,0.00980392156862745
939,0.6,et,1,102,0.00980392156862745
940,0.62,et,1,102,0.00980392156862745
941,0.64,et,1,102,0.00980392156862745
942,0.8,et,1,102,0.00980392156862745
943,-0.86,ca,1,164,0.006097560975609756
944,-0.6,ca,2,164,0.012195121951219513
945,-0.56,ca,1,164,0.006097560975609756
946,-0.53,ca,1,164,0.006097560975609756
947,-0.36,ca,5,164,0.03048780487804878
948,-0.3,ca,1,164,0.006097560975609756
949,-0.15,ca,1,164,0.006097560975609756
950,-0.1,ca,2,164,0.012195121951219513
951,0.0,ca,130,164,0.7926829268292683
952,0.04,ca,1,164,0.006097560975609756
953,0.2,ca,1,164,0.006097560975609756
954,0.23,ca,1,164,0.006097560975609756
955,0.32,ca,1,164,0.006097560975609756
956,0.33,ca,1,164,0.006097560975609756
957,0.34,ca,1,164,0.006097560975609756
958,0.38,ca,1,164,0.006097560975609756
959,0.4,ca,1,164,0.006097560975609756
960,0.42,ca,1,164,0.006097560975609756
961,0.44,ca,1,164,0.006097560975609756
962,0.48,ca,1,164,0.006097560975609756
963,0.49,ca,1,164,0.006097560975609756
964,0.53,ca,1,164,0.006097560975609756
965,0.56,ca,1,164,0.006097560975609756
966,0.59,ca,1,164,0.006097560975609756
967,0.62,ca,1,164,0.006097560975609756
968,0.71,ca,1,164,0.006097560975609756
969,0.74,ca,2,164,0.012195121951219513
970,0.79,ca,1,164,0.006097560975609756
971,-0.86,pl,1,281,0.0035587188612099642
972,-0.8,pl,3,281,0.010676156583629894
973,-0.73,pl,1,281,0.0035587188612099642
974,-0.67,pl,1,281,0.0035587188612099642
975,-0.65,pl,2,281,0.0071174377224199285
976,-0.62,pl,1,281,0.0035587188612099642
977,-0.57,pl,1,281,0.0035587188612099642
978,-0.56,pl,15,281,0.05338078291814947
979,-0.52,pl,1,281,0.0035587188612099642
980,-0.51,pl,1,281,0.0035587188612099642
981,-0.45,pl,1,281,0.0035587188612099642
982,-0.44,pl,2,281,0.0071174377224199285
983,-0.4,pl,2,281,0.0071174377224199285
984,-0.3,pl,3,281,0.010676156583629894
985,-0.1,pl,1,281,0.0035587188612099642
986,-0.08,pl,1,281,0.0035587188612099642
987,-0.03,pl,1,281,0.0035587188612099642
988,0.0,pl,220,281,0.7829181494661922
989,0.11,pl,1,281,0.0035587188612099642
990,0.27,pl,1,281,0.0035587188612099642
991,0.32,pl,1,281,0.0035587188612099642
992,0.36,pl,1,281,0.0035587188612099642
993,0.38,pl,1,281,0.0035587188612099642
994,0.42,pl,1,281,0.0035587188612099642
995,0.46,pl,1,281,0.0035587188612099642
996,0.54,pl,3,281,0.010676156583629894
997,0.57,pl,1,281,0.0035587188612099642
998,0.59,pl,3,281,0.010676156583629894
999,0.6,pl,1,281,0.0035587188612099642
1000,0.65,pl,3,281,0.010676156583629894
1001,0.67,pl,3,281,0.010676156583629894
1002,0.78,pl,1,281,0.0035587188612099642
1003,0.81,pl,1,281,0.0035587188612099642
1004,-0.84,vi,1,17,0.058823529411764705
1005,0.0,vi,12,17,0.7058823529411765
1006,0.42,vi,1,17,0.058823529411764705
1007,0.51,vi,2,17,0.11764705882352941
1008,0.83,vi,1,17,0.058823529411764705
1009,-0.83,zh,1,258,0.003875968992248062
1010,-0.82,zh,1,258,0.003875968992248062
1011,-0.78,zh,2,258,0.007751937984496124
1012,-0.67,zh,1,258,0.003875968992248062
1013,-0.61,zh,1,258,0.003875968992248062
1014,-0.6,zh,9,258,0.03488372093023256
1015,-0.57,zh,2,258,0.007751937984496124
1016,-0.56,zh,12,258,0.046511627906976744
1017,-0.42,zh,1,258,0.003875968992248062
1018,-0.38,zh,1,258,0.003875968992248062
1019,-0.37,zh,1,258,0.003875968992248062
1020,-0.36,zh,1,258,0.003875968992248062
1021,-0.27,zh,2,258,0.007751937984496124
1022,-0.23,zh,1,258,0.003875968992248062
1023,-0.2,zh,2,258,0.007751937984496124
1024,-0.15,zh,2,258,0.007751937984496124
1025,-0.03,zh,2,258,0.007751937984496124
1026,0.0,zh,192,258,0.7441860465116279
1027,0.36,zh,1,258,0.003875968992248062
1028,0.4,zh,1,258,0.003875968992248062
1029,0.42,zh,2,258,0.007751937984496124
1030,0.49,zh,1,258,0.003875968992248062
1031,0.51,zh,2,258,0.007751937984496124
1032,0.54,zh,6,258,0.023255813953488372
1033,0.57,zh,1,258,0.003875968992248062
1034,0.58,zh,1,258,0.003875968992248062
1035,0.61,zh,1,258,0.003875968992248062
1036,0.65,zh,2,258,0.007751937984496124
1037,0.68,zh,1,258,0.003875968992248062
1038,0.81,zh,1,258,0.003875968992248062
1039,0.82,zh,1,258,0.003875968992248062
1040,0.85,zh,1,258,0.003875968992248062
1041,0.86,zh,1,258,0.003875968992248062
1042,0.89,zh,1,258,0.003875968992248062
1043,-0.82,ht,1,117,0.008547008547008548
1044,-0.54,ht,1,117,0.008547008547008548
1045,-0.53,ht,3,117,0.02564102564102564
1046,-0.48,ht,1,117,0.008547008547008548
1047,-0.46,ht,1,117,0.008547008547008548
1048,-0.36,ht,2,117,0.017094017094017096
1049,-0.34,ht,2,117,0.017094017094017096
1050,-0.3,ht,2,117,0.017094017094017096
1051,-0.13,ht,1,117,0.008547008547008548
1052,-0.08,ht,1,117,0.008547008547008548
1053,0.0,ht,82,117,0.7008547008547008
1054,0.33,ht,1,117,0.008547008547008548
1055,0.42,ht,2,117,0.017094017094017096
1056,0.43,ht,1,117,0.008547008547008548
1057,0.44,ht,1,117,0.008547008547008548
1058,0.49,ht,1,117,0.008547008547008548
1059,0.54,ht,2,117,0.017094017094017096
1060,0.57,ht,2,117,0.017094017094017096
1061,0.6,ht,6,117,0.05128205128205128
1062,0.62,ht,1,117,0.008547008547008548
1063,0.68,ht,3,117,0.02564102564102564
1064,-0.81,kn,1,28,0.03571428571428571
1065,-0.64,kn,1,28,0.03571428571428571
1066,-0.6,kn,1,28,0.03571428571428571
1067,0.0,kn,25,28,0.8928571428571429
1068,-0.8,ko,1,34,0.029411764705882353
1069,-0.7,ko,1,34,0.029411764705882353
1070,-0.6,ko,1,34,0.029411764705882353
1071,-0.56,ko,7,34,0.20588235294117646
1072,0.0,ko,18,34,0.5294117647058824
1073,0.25,ko,1,34,0.029411764705882353
1074,0.54,ko,3,34,0.08823529411764706
1075,0.74,ko,1,34,0.029411764705882353
1076,0.92,ko,1,34,0.029411764705882353
1077,-0.78,in,1,1310,0.0007633587786259542
1078,-0.75,in,1,1310,0.0007633587786259542
1079,-0.74,in,3,1310,0.0022900763358778627
1080,-0.7,in,1,1310,0.0007633587786259542
1081,-0.67,in,1,1310,0.0007633587786259542
1082,-0.66,in,1,1310,0.0007633587786259542
1083,-0.65,in,1,1310,0.0007633587786259542
1084,-0.63,in,1,1310,0.0007633587786259542
1085,-0.61,in,1,1310,0.0007633587786259542
1086,-0.6,in,6,1310,0.004580152671755725
1087,-0.56,in,6,1310,0.004580152671755725
1088,-0.53,in,2,1310,0.0015267175572519084
1089,-0.51,in,20,1310,0.015267175572519083
1090,-0.49,in,2,1310,0.0015267175572519084
1091,-0.48,in,3,1310,0.0022900763358778627
1092,-0.46,in,1,1310,0.0007633587786259542
1093,-0.44,in,11,1310,0.008396946564885497
1094,-0.42,in,2,1310,0.0015267175572519084
1095,-0.38,in,1,1310,0.0007633587786259542
1096,-0.36,in,9,1310,0.006870229007633588
1097,-0.33,in,1,1310,0.0007633587786259542
1098,-0.32,in,2,1310,0.0015267175572519084
1099,-0.3,in,4,1310,0.0030534351145038168
1100,-0.27,in,2,1310,0.0015267175572519084
1101,-0.25,in,2,1310,0.0015267175572519084
1102,-0.15,in,4,1310,0.0030534351145038168
1103,-0.1,in,3,1310,0.0022900763358778627
1104,-0.08,in,2,1310,0.0015267175572519084
1105,-0.05,in,2,1310,0.0015267175572519084
1106,0.0,in,990,1310,0.7557251908396947
1107,0.07,in,1,1310,0.0007633587786259542
1108,0.08,in,2,1310,0.0015267175572519084
1109,0.09,in,1,1310,0.0007633587786259542
1110,0.13,in,1,1310,0.0007633587786259542
1111,0.14,in,1,1310,0.0007633587786259542
1112,0.18,in,2,1310,0.0015267175572519084
1113,0.2,in,1,1310,0.0007633587786259542
1114,0.23,in,1,1310,0.0007633587786259542
1115,0.25,in,4,1310,0.0030534351145038168
1116,0.27,in,4,1310,0.0030534351145038168
1117,0.3,in,4,1310,0.0030534351145038168
1118,0.32,in,3,1310,0.0022900763358778627
1119,0.34,in,3,1310,0.0022900763358778627
1120,0.36,in,4,1310,0.0030534351145038168
1121,0.38,in,1,1310,0.0007633587786259542
1122,0.4,in,3,1310,0.0022900763358778627
1123,0.42,in,4,1310,0.0030534351145038168
1124,0.44,in,2,1310,0.0015267175572519084
1125,0.46,in,2,1310,0.0015267175572519084
1126,0.48,in,2,1310,0.0015267175572519084
1127,0.49,in,3,1310,0.0022900763358778627
1128,0.51,in,4,1310,0.0030534351145038168
1129,0.53,in,2,1310,0.0015267175572519084
1130,0.54,in,82,1310,0.06259541984732825
1131,0.57,in,5,1310,0.003816793893129771
1132,0.58,in,2,1310,0.0015267175572519084
1133,0.59,in,1,1310,0.0007633587786259542
1134,0.6,in,1,1310,0.0007633587786259542
1135,0.61,in,2,1310,0.0015267175572519084
1136,0.62,in,3,1310,0.0022900763358778627
1137,0.64,in,38,1310,0.02900763358778626
1138,0.65,in,9,1310,0.006870229007633588
1139,0.68,in,2,1310,0.0015267175572519084
1140,0.71,in,2,1310,0.0015267175572519084
1141,0.74,in,2,1310,0.0015267175572519084
1142,0.76,in,2,1310,0.0015267175572519084
1143,0.77,in,1,1310,0.0007633587786259542
1144,0.78,in,1,1310,0.0007633587786259542
1145,0.79,in,1,1310,0.0007633587786259542
1146,0.81,in,2,1310,0.0015267175572519084
1147,0.82,in,1,1310,0.0007633587786259542
1148,0.83,in,5,1310,0.003816793893129771
1149,0.86,in,3,1310,0.0022900763358778627
1150,0.88,in,1,1310,0.0007633587786259542
1151,0.89,in,2,1310,0.0015267175572519084
1152,0.94,in,1,1310,0.0007633587786259542
1153,-0.76,pt,1,498,0.002008032128514056
1154,-0.75,pt,2,498,0.004016064257028112
1155,-0.72,pt,1,498,0.002008032128514056
1156,-0.7,pt,2,498,0.004016064257028112
1157,-0.65,pt,1,498,0.002008032128514056
1158,-0.6,pt,1,498,0.002008032128514056
1159,-0.59,pt,3,498,0.006024096385542169
1160,-0.58,pt,1,498,0.002008032128514056
1161,-0.57,pt,3,498,0.006024096385542169
1162,-0.56,pt,2,498,0.004016064257028112
1163,-0.53,pt,1,498,0.002008032128514056
1164,-0.49,pt,1,498,0.002008032128514056
1165,-0.44,pt,2,498,0.004016064257028112
1166,-0.42,pt,2,498,0.004016064257028112
1167,-0.37,pt,1,498,0.002008032128514056
1168,-0.36,pt,5,498,0.010040160642570281
1169,-0.3,pt,19,498,0.03815261044176707
1170,-0.23,pt,2,498,0.004016064257028112
1171,-0.15,pt,1,498,0.002008032128514056
1172,0.0,pt,396,498,0.7951807228915663
1173,0.15,pt,1,498,0.002008032128514056
1174,0.2,pt,1,498,0.002008032128514056
1175,0.23,pt,1,498,0.002008032128514056
1176,0.27,pt,1,498,0.002008032128514056
1177,0.33,pt,1,498,0.002008032128514056
1178,0.34,pt,2,498,0.004016064257028112
1179,0.36,pt,4,498,0.008032128514056224
1180,0.4,pt,1,498,0.002008032128514056
1181,0.42,pt,4,498,0.008032128514056224
1182,0.46,pt,1,498,0.002008032128514056
1183,0.51,pt,3,498,0.006024096385542169
1184,0.53,pt,1,498,0.002008032128514056
1185,0.54,pt,9,498,0.018072289156626505
1186,0.56,pt,1,498,0.002008032128514056
1187,0.58,pt,3,498,0.006024096385542169
1188,0.6,pt,1,498,0.002008032128514056
1189,0.61,pt,1,498,0.002008032128514056
1190,0.62,pt,1,498,0.002008032128514056
1191,0.64,pt,1,498,0.002008032128514056
1192,0.65,pt,2,498,0.004016064257028112
1193,0.66,pt,2,498,0.004016064257028112
1194,0.71,pt,1,498,0.002008032128514056
1195,0.76,pt,1,498,0.002008032128514056
1196,0.79,pt,2,498,0.004016064257028112
1197,0.81,pt,1,498,0.002008032128514056
1198,0.82,pt,1,498,0.002008032128514056
1199,0.84,pt,1,498,0.002008032128514056
1200,0.9,pt,1,498,0.002008032128514056
1201,0.95,pt,1,498,0.002008032128514056
1202,-0.74,ur,1,215,0.004651162790697674
1203,-0.6,ur,2,215,0.009302325581395349
1204,-0.36,ur,1,215,0.004651162790697674
1205,0.0,ur,209,215,0.9720930232558139
1206,0.05,ur,1,215,0.004651162790697674
1207,0.62,ur,1,215,0.004651162790697674
1208,-0.68,fa,1,149,0.006711409395973154
1209,-0.6,fa,1,149,0.006711409395973154
1210,-0.56,fa,2,149,0.013422818791946308
1211,0.0,fa,142,149,0.9530201342281879
1212,0.46,fa,1,149,0.006711409395973154
1213,0.54,fa,2,149,0.013422818791946308
1214,-0.68,sv,1,30,0.03333333333333333
1215,-0.56,sv,1,30,0.03333333333333333
1216,-0.46,sv,1,30,0.03333333333333333
1217,0.0,sv,24,30,0.8
1218,0.68,sv,1,30,0.03333333333333333
1219,0.74,sv,2,30,0.06666666666666667
1220,-0.67,ta,1,243,0.00411522633744856
1221,-0.64,ta,1,243,0.00411522633744856
1222,-0.6,ta,1,243,0.00411522633744856
1223,-0.56,ta,1,243,0.00411522633744856
1224,-0.52,ta,2,243,0.00823045267489712
1225,-0.29,ta,1,243,0.00411522633744856
1226,-0.13,ta,1,243,0.00411522633744856
1227,-0.05,ta,1,243,0.00411522633744856
1228,0.0,ta,232,243,0.9547325102880658
1229,0.54,ta,1,243,0.00411522633744856
1230,0.93,ta,1,243,0.00411522633744856
1231,-0.65,ar,1,529,0.001890359168241966
1232,-0.64,ar,1,529,0.001890359168241966
1233,-0.61,ar,1,529,0.001890359168241966
1234,-0.56,ar,2,529,0.003780718336483932
1235,-0.48,ar,1,529,0.001890359168241966
1236,0.0,ar,515,529,0.9735349716446124
1237,0.38,ar,1,529,0.001890359168241966
1238,0.4,ar,1,529,0.001890359168241966
1239,0.44,ar,1,529,0.001890359168241966
1240,0.54,ar,4,529,0.007561436672967864
1241,0.57,ar,1,529,0.001890359168241966
1242,-0.65,el,1,122,0.00819672131147541
1243,0.0,el,120,122,0.9836065573770492
1244,0.15,el,1,122,0.00819672131147541
1245,-0.6,bn,7,120,0.058333333333333334
1246,0.0,bn,107,120,0.8916666666666667
1247,0.54,bn,6,120,0.05
1248,-0.6,cs,2,32,0.0625
1249,-0.56,cs,1,32,0.03125
1250,-0.3,cs,2,32,0.0625
1251,-0.1,cs,1,32,0.03125
1252,0.0,cs,23,32,0.71875
1253,0.38,cs,1,32,0.03125
1254,0.48,cs,1,32,0.03125
1255,0.54,cs,1,32,0.03125
1256,-0.6,fi,2,97,0.020618556701030927
1257,-0.56,fi,4,97,0.041237113402061855
1258,-0.48,fi,1,97,0.010309278350515464
1259,-0.42,fi,6,97,0.061855670103092786
1260,-0.32,fi,1,97,0.010309278350515464
1261,-0.15,fi,2,97,0.020618556701030927
1262,0.0,fi,71,97,0.7319587628865979
1263,0.18,fi,1,97,0.010309278350515464
1264,0.34,fi,1,97,0.010309278350515464
1265,0.38,fi,1,97,0.010309278350515464
1266,0.44,fi,1,97,0.010309278350515464
1267,0.53,fi,1,97,0.010309278350515464
1268,0.54,fi,3,97,0.030927835051546393
1269,0.57,fi,1,97,0.010309278350515464
1270,0.65,fi,1,97,0.010309278350515464
1271,-0.6,hi,64,1046,0.06118546845124283
1272,-0.56,hi,17,1046,0.016252390057361378
1273,-0.52,hi,1,1046,0.0009560229445506692
1274,-0.48,hi,1,1046,0.0009560229445506692
1275,-0.44,hi,1,1046,0.0009560229445506692
1276,-0.42,hi,3,1046,0.0028680688336520078
1277,-0.38,hi,1,1046,0.0009560229445506692
1278,-0.36,hi,4,1046,0.0038240917782026767
1279,-0.34,hi,1,1046,0.0009560229445506692
1280,-0.33,hi,1,1046,0.0009560229445506692
1281,-0.32,hi,1,1046,0.0009560229445506692
1282,-0.3,hi,2,1046,0.0019120458891013384
1283,-0.23,hi,1,1046,0.0009560229445506692
1284,-0.1,hi,2,1046,0.0019120458891013384
1285,-0.08,hi,1,1046,0.0009560229445506692
1286,0.0,hi,914,1046,0.8738049713193117
1287,0.08,hi,1,1046,0.0009560229445506692
1288,0.18,hi,1,1046,0.0009560229445506692
1289,0.25,hi,1,1046,0.0009560229445506692
1290,0.27,hi,2,1046,0.0019120458891013384
1291,0.34,hi,3,1046,0.0028680688336520078
1292,0.36,hi,1,1046,0.0009560229445506692
1293,0.37,hi,2,1046,0.0019120458891013384
1294,0.4,hi,2,1046,0.0019120458891013384
1295,0.42,hi,2,1046,0.0019120458891013384
1296,0.44,hi,2,1046,0.0019120458891013384
1297,0.48,hi,1,1046,0.0009560229445506692
1298,0.49,hi,1,1046,0.0009560229445506692
1299,0.51,hi,1,1046,0.0009560229445506692
1300,0.53,hi,1,1046,0.0009560229445506692
1301,0.54,hi,4,1046,0.0038240917782026767
1302,0.55,hi,2,1046,0.0019120458891013384
1303,0.6,hi,1,1046,0.0009560229445506692
1304,0.65,hi,1,1046,0.0009560229445506692
1305,0.69,hi,1,1046,0.0009560229445506692
1306,0.81,hi,1,1046,0.0009560229445506692
1307,-0.6,ml,1,39,0.02564102564102564
1308,0.0,ml,38,39,0.9743589743589743
1309,-0.6,mr,12,96,0.125
1310,-0.44,mr,1,96,0.010416666666666666
1311,0.0,mr,82,96,0.8541666666666666
1312,0.49,mr,1,96,0.010416666666666666
1313,-0.6,pa,3,25,0.12
1314,0.0,pa,20,25,0.8
1315,0.36,pa,1,25,0.04
1316,0.49,pa,1,25,0.04
1317,-0.6,te,1,40,0.025
1318,-0.56,te,1,40,0.025
1319,0.0,te,38,40,0.95
1320,-0.6,th,2,362,0.0055248618784530384
1321,-0.56,th,2,362,0.0055248618784530384
1322,-0.2,th,2,362,0.0055248618784530384
1323,0.0,th,338,362,0.9337016574585635
1324,0.15,th,1,362,0.0027624309392265192
1325,0.36,th,1,362,0.0027624309392265192
1326,0.42,th,1,362,0.0027624309392265192
1327,0.51,th,1,362,0.0027624309392265192
1328,0.53,th,1,362,0.0027624309392265192
1329,0.54,th,8,362,0.022099447513812154
1330,0.56,th,1,362,0.0027624309392265192
1331,0.62,th,1,362,0.0027624309392265192
1332,0.64,th,1,362,0.0027624309392265192
1333,0.65,th,2,362,0.0055248618784530384
1334,-0.6,uk,1,25,0.04
1335,0.0,uk,23,25,0.92
1336,0.54,uk,1,25,0.04
1337,-0.59,lv,1,7,0.14285714285714285
1338,0.0,lv,6,7,0.8571428571428571
1339,-0.59,no,1,8,0.125
1340,0.0,no,3,8,0.375
1341,0.32,no,1,8,0.125
1342,0.46,no,1,8,0.125
1343,0.54,no,1,8,0.125
1344,0.59,no,1,8,0.125
1345,-0.56,da,1,28,0.03571428571428571
1346,0.0,da,25,28,0.8928571428571429
1347,0.34,da,1,28,0.03571428571428571
1348,0.46,da,1,28,0.03571428571428571
1349,-0.56,iw,3,26,0.11538461538461539
1350,-0.36,iw,1,26,0.038461538461538464
1351,0.0,iw,19,26,0.7307692307692307
1352,0.65,iw,3,26,0.11538461538461539
1353,-0.56,km,1,2,0.5
1354,0.0,km,1,2,0.5
1355,-0.56,si,1,18,0.05555555555555555
1356,0.0,si,16,18,0.8888888888888888
1357,0.58,si,1,18,0.05555555555555555
1358,-0.56,sl,1,9,0.1111111111111111
1359,0.0,sl,8,9,0.8888888888888888
1360,-0.53,ne,1,23,0.043478260869565216
1361,0.0,ne,15,23,0.6521739130434783
1362,0.23,ne,1,23,0.043478260869565216
1363,0.54,ne,6,23,0.2608695652173913
1364,-0.46,hu,1,12,0.08333333333333333
1365,0.0,hu,10,12,0.8333333333333334
1366,0.83,hu,1,12,0.08333333333333333
1367,-0.44,qam,1,37,0.02702702702702703
1368,-0.34,qam,1,37,0.02702702702702703
1369,0.0,qam,35,37,0.9459459459459459
1370,0.0,am,4,4,1.0
1371,0.0,art,4,4,1.0
1372,0.0,bg,1,1,1.0
1373,0.0,ckb,2,2,1.0
1374,0.0,eu,13,13,1.0
1375,0.0,gu,48,50,0.96
1376,0.44,gu,1,50,0.02
1377,0.54,gu,1,50,0.02
1378,0.0,hy,1,1,1.0
1379,0.0,is,6,7,0.8571428571428571
1380,0.36,is,1,7,0.14285714285714285
1381,0.0,lo,1,1,1.0
1382,0.0,lt,2,3,0.6666666666666666
1383,0.3,lt,1,3,0.3333333333333333
1384,0.0,my,1,1,1.0
1385,0.0,or,17,17,1.0
1386,0.0,ps,2,2,1.0
1387,0.0,qst,7,7,1.0
1388,0.0,ru,32,35,0.9142857142857143
1389,0.54,ru,1,35,0.02857142857142857
1390,0.56,ru,1,35,0.02857142857142857
1391,0.68,ru,1,35,0.02857142857142857
1392,0.0,sd,2,2,1.0
1393,0.0,tr,8,8,1.0
1394,0.0,ug,1,1,1.0
1395,0.0,zxx,81,81,1.0
